{
  "listdata": [
    {
      "md5": "f6b0479acfc35504e645f31fc37a20b9", 
      "name": "filemd5List.json", 
      "path": "luxurycar/res/"
    }, 
    {
      "md5": "d9c93a21d61f9ae4ef859a70b70709cf", 
      "name": "anniu1.png", 
      "path": "luxurycar/res/game_res/"
    }, 
    {
      "md5": "dd9b0de930245a5cf467bdcf884e11d3", 
      "name": "anniu10.png", 
      "path": "luxurycar/res/game_res/"
    }, 
    {
      "md5": "3aabb38615c46d0827050b6804ddfe70", 
      "name": "anniu11.png", 
      "path": "luxurycar/res/game_res/"
    }, 
    {
      "md5": "00ead1ac1d4d1d730609d39784493159", 
      "name": "anniu12.png", 
      "path": "luxurycar/res/game_res/"
    }, 
    {
      "md5": "c2d30b371ed2993e9b6c5dbb857879bc", 
      "name": "anniu13.png", 
      "path": "luxurycar/res/game_res/"
    }, 
    {
      "md5": "5530bcae16f820c7569d98fcff5280f5", 
      "name": "anniu14.png", 
      "path": "luxurycar/res/game_res/"
    }, 
    {
      "md5": "c155b74d79585b0fca971b69871c83f8", 
      "name": "anniu15.png", 
      "path": "luxurycar/res/game_res/"
    }, 
    {
      "md5": "f94b4cd122d519d6f601064a61246933", 
      "name": "anniu16.png", 
      "path": "luxurycar/res/game_res/"
    }, 
    {
      "md5": "6c2698a434235afcb288f0ab62f9fc98", 
      "name": "anniu17.png", 
      "path": "luxurycar/res/game_res/"
    }, 
    {
      "md5": "c1323e407e190b04130c486abe90b459", 
      "name": "anniu18.png", 
      "path": "luxurycar/res/game_res/"
    }, 
    {
      "md5": "6d15998d864d2c5eebb5420a968bbcbc", 
      "name": "anniu19.png", 
      "path": "luxurycar/res/game_res/"
    }, 
    {
      "md5": "0f9572aa32537c41cb530478fe6daed6", 
      "name": "anniu2.png", 
      "path": "luxurycar/res/game_res/"
    }, 
    {
      "md5": "00f96d0679cc532040d7e2286a70a3b0", 
      "name": "anniu20.png", 
      "path": "luxurycar/res/game_res/"
    }, 
    {
      "md5": "28422c37ee3b3cc80af96faade965e2a", 
      "name": "anniu21.png", 
      "path": "luxurycar/res/game_res/"
    }, 
    {
      "md5": "382f32ea96802025c69c6c43857590b0", 
      "name": "anniu22.png", 
      "path": "luxurycar/res/game_res/"
    }, 
    {
      "md5": "ef737b18776188f69d665fab9600fadc", 
      "name": "anniu23.png", 
      "path": "luxurycar/res/game_res/"
    }, 
    {
      "md5": "e00b79b531eb022f92bcab2a09ed5ad1", 
      "name": "anniu24.png", 
      "path": "luxurycar/res/game_res/"
    }, 
    {
      "md5": "78faaf8271f68f3dcef84ff82d33c82c", 
      "name": "anniu25.png", 
      "path": "luxurycar/res/game_res/"
    }, 
    {
      "md5": "120e72d7a03ad6df0e698ddfc41249d4", 
      "name": "anniu26.png", 
      "path": "luxurycar/res/game_res/"
    }, 
    {
      "md5": "0347f67dfe39101d58c2cb6ac0a7407a", 
      "name": "anniu27.png", 
      "path": "luxurycar/res/game_res/"
    }, 
    {
      "md5": "222ec38b5fccd00e65afc8d17ef77ea7", 
      "name": "anniu28.png", 
      "path": "luxurycar/res/game_res/"
    }, 
    {
      "md5": "050a14d05169bdc42ba5bff799b3e05e", 
      "name": "anniu29.png", 
      "path": "luxurycar/res/game_res/"
    }, 
    {
      "md5": "37035da9b117a965db7f8901e4b43075", 
      "name": "anniu29_1.png", 
      "path": "luxurycar/res/game_res/"
    }, 
    {
      "md5": "36cdb444f3d5dc7d864fba955e16be07", 
      "name": "anniu3.png", 
      "path": "luxurycar/res/game_res/"
    }, 
    {
      "md5": "4ec60ade17cd6ee4b10817a917a50414", 
      "name": "anniu30.png", 
      "path": "luxurycar/res/game_res/"
    }, 
    {
      "md5": "d6d055b1d25479a4cb57972da2829502", 
      "name": "anniu31.png", 
      "path": "luxurycar/res/game_res/"
    }, 
    {
      "md5": "d86c933c12538618911dbcbbb8d6a373", 
      "name": "anniu32.png", 
      "path": "luxurycar/res/game_res/"
    }, 
    {
      "md5": "9705ca1c7f3cf6f67ea15284cac810c6", 
      "name": "anniu33.png", 
      "path": "luxurycar/res/game_res/"
    }, 
    {
      "md5": "1bac55a8b45630a4675bb68caf4ac7c3", 
      "name": "anniu34.png", 
      "path": "luxurycar/res/game_res/"
    }, 
    {
      "md5": "aa84a25817b782c8c518226d7fdb31ce", 
      "name": "anniu35.png", 
      "path": "luxurycar/res/game_res/"
    }, 
    {
      "md5": "e9472a60dd698a9454a8a943f650f8a8", 
      "name": "anniu36.png", 
      "path": "luxurycar/res/game_res/"
    }, 
    {
      "md5": "ffef9ed4ffc3eb5292c6366dc7a58c8c", 
      "name": "anniu37.png", 
      "path": "luxurycar/res/game_res/"
    }, 
    {
      "md5": "d6228923dfe1de020b9bed3d315f17ca", 
      "name": "anniu38.png", 
      "path": "luxurycar/res/game_res/"
    }, 
    {
      "md5": "f605f1818fd7cdf097563a73cac458f6", 
      "name": "anniu39.png", 
      "path": "luxurycar/res/game_res/"
    }, 
    {
      "md5": "67f4e67ec6d483ddc9b04e39ead5a1b2", 
      "name": "anniu4.png", 
      "path": "luxurycar/res/game_res/"
    }, 
    {
      "md5": "abcf9294fbbfece184353cb265ca85ae", 
      "name": "anniu40.png", 
      "path": "luxurycar/res/game_res/"
    }, 
    {
      "md5": "c85d0f5ebd2992d843c01afa4694929e", 
      "name": "anniu41.png", 
      "path": "luxurycar/res/game_res/"
    }, 
    {
      "md5": "a9532fdc12997d4955f5fa8750b3cf58", 
      "name": "anniu42.png", 
      "path": "luxurycar/res/game_res/"
    }, 
    {
      "md5": "ad4a9e9f9a0a08ee150d9394e9589079", 
      "name": "anniu43.png", 
      "path": "luxurycar/res/game_res/"
    }, 
    {
      "md5": "279b90204814cc5ec1a8792d74fb35e4", 
      "name": "anniu44.png", 
      "path": "luxurycar/res/game_res/"
    }, 
    {
      "md5": "d68b3572e61eb2845063f0496401d7b9", 
      "name": "anniu45.png", 
      "path": "luxurycar/res/game_res/"
    }, 
    {
      "md5": "62949774d4402a0cbe6607f73eb09e01", 
      "name": "anniu46.png", 
      "path": "luxurycar/res/game_res/"
    }, 
    {
      "md5": "fe583bd7068258f8867f21001febc628", 
      "name": "anniu47.png", 
      "path": "luxurycar/res/game_res/"
    }, 
    {
      "md5": "6ecda180be9622efd0b5425f2f83c4b2", 
      "name": "anniu48.png", 
      "path": "luxurycar/res/game_res/"
    }, 
    {
      "md5": "e2f8536bb6c22b7415f383022709ed4f", 
      "name": "anniu5.png", 
      "path": "luxurycar/res/game_res/"
    }, 
    {
      "md5": "2d28be49f7bcffe9fd37ec6a5ce4bb0a", 
      "name": "anniu6.png", 
      "path": "luxurycar/res/game_res/"
    }, 
    {
      "md5": "abfaf8fd306194555862ac42c2049e07", 
      "name": "anniu7.png", 
      "path": "luxurycar/res/game_res/"
    }, 
    {
      "md5": "909b1765afe3a32606b06dc7491da101", 
      "name": "anniu8.png", 
      "path": "luxurycar/res/game_res/"
    }, 
    {
      "md5": "98f1c0e966f3b34bcb10387382c744c3", 
      "name": "anniu9.png", 
      "path": "luxurycar/res/game_res/"
    }, 
    {
      "md5": "25cc76fbdb62cf14a658ed42a9ee78b2", 
      "name": "anniu9_1.png", 
      "path": "luxurycar/res/game_res/"
    }, 
    {
      "md5": "95c48c1178a7bce34669784496ba3893", 
      "name": "Bank.csb", 
      "path": "luxurycar/res/game_res/"
    }, 
    {
      "md5": "73f7d6a449c42358daabd1a27e2da0ff", 
      "name": "beijing.png", 
      "path": "luxurycar/res/game_res/"
    }, 
    {
      "md5": "8527b1db43481f58bfce14dbbaedc5aa", 
      "name": "biaoti1.png", 
      "path": "luxurycar/res/game_res/"
    }, 
    {
      "md5": "be182ec9c2bf9e8c5a4f1a57b45611da", 
      "name": "biaoti10.png", 
      "path": "luxurycar/res/game_res/"
    }, 
    {
      "md5": "83b717ebe81611187e7d551cfabe498e", 
      "name": "biaoti11.png", 
      "path": "luxurycar/res/game_res/"
    }, 
    {
      "md5": "0e58a32d42401489ddf666a64881ee84", 
      "name": "biaoti12.png", 
      "path": "luxurycar/res/game_res/"
    }, 
    {
      "md5": "478ba88686e4d7deaa11bc3007b4bfbb", 
      "name": "biaoti13.png", 
      "path": "luxurycar/res/game_res/"
    }, 
    {
      "md5": "365fa905bc1a70f70b3703e13f361386", 
      "name": "biaoti14.png", 
      "path": "luxurycar/res/game_res/"
    }, 
    {
      "md5": "bc430b843f311db53ea84a1edf5470f9", 
      "name": "biaoti15.png", 
      "path": "luxurycar/res/game_res/"
    }, 
    {
      "md5": "1c5b980e1efd0e812eb468c715c804f3", 
      "name": "biaoti16.png", 
      "path": "luxurycar/res/game_res/"
    }, 
    {
      "md5": "8e33845acbc4175d09c4ffecd4c15437", 
      "name": "biaoti17.png", 
      "path": "luxurycar/res/game_res/"
    }, 
    {
      "md5": "f53d531d1490dea327a65e05a0187c68", 
      "name": "biaoti18.png", 
      "path": "luxurycar/res/game_res/"
    }, 
    {
      "md5": "ea13d422023c5eb510d2e32d24a45492", 
      "name": "biaoti19.png", 
      "path": "luxurycar/res/game_res/"
    }, 
    {
      "md5": "3b4e54a29e47fbbaa94a1f143fc50746", 
      "name": "biaoti2.png", 
      "path": "luxurycar/res/game_res/"
    }, 
    {
      "md5": "726c88aa088dd232a8ec108d2b45cf8e", 
      "name": "biaoti20.png", 
      "path": "luxurycar/res/game_res/"
    }, 
    {
      "md5": "b6f57569042c38508b0b552573715708", 
      "name": "biaoti21.png", 
      "path": "luxurycar/res/game_res/"
    }, 
    {
      "md5": "ce0568f50043770e8c131c23c4873e1d", 
      "name": "biaoti22.png", 
      "path": "luxurycar/res/game_res/"
    }, 
    {
      "md5": "eb7034a3c0e039132732fe6832f50376", 
      "name": "biaoti23.png", 
      "path": "luxurycar/res/game_res/"
    }, 
    {
      "md5": "7450380e3db5ef89cd6772a9887296d4", 
      "name": "biaoti24.png", 
      "path": "luxurycar/res/game_res/"
    }, 
    {
      "md5": "4a481bdbe58b468e9cdd459f46a8155d", 
      "name": "biaoti25.png", 
      "path": "luxurycar/res/game_res/"
    }, 
    {
      "md5": "04864826e1ac1da887cdb3aa0203c1ed", 
      "name": "biaoti26.png", 
      "path": "luxurycar/res/game_res/"
    }, 
    {
      "md5": "d04ded30458723541a37766a68afb669", 
      "name": "biaoti27.png", 
      "path": "luxurycar/res/game_res/"
    }, 
    {
      "md5": "6cf8214d79fc66b74343a2d313a3fba0", 
      "name": "biaoti28.png", 
      "path": "luxurycar/res/game_res/"
    }, 
    {
      "md5": "ba185a51527e8c82fe86385ca3764fdd", 
      "name": "biaoti29.png", 
      "path": "luxurycar/res/game_res/"
    }, 
    {
      "md5": "3426b5cb58cec824c2ec94cf447361ed", 
      "name": "biaoti3.png", 
      "path": "luxurycar/res/game_res/"
    }, 
    {
      "md5": "aef37283861e5cd61af86b5eb9c90bfa", 
      "name": "biaoti30.png", 
      "path": "luxurycar/res/game_res/"
    }, 
    {
      "md5": "fdea8bf491740054e25312213fb30594", 
      "name": "biaoti4.png", 
      "path": "luxurycar/res/game_res/"
    }, 
    {
      "md5": "0bf7eda41cb829254dc8bbedecc80b5e", 
      "name": "biaoti5.png", 
      "path": "luxurycar/res/game_res/"
    }, 
    {
      "md5": "1e21788c9a6ebc2104b0474e51a71332", 
      "name": "biaoti6.png", 
      "path": "luxurycar/res/game_res/"
    }, 
    {
      "md5": "a1296b05c40f0923190bdb0c688c8825", 
      "name": "biaoti7.png", 
      "path": "luxurycar/res/game_res/"
    }, 
    {
      "md5": "51d3d0e71866cedbee898c13fbe0fb17", 
      "name": "biaoti8.png", 
      "path": "luxurycar/res/game_res/"
    }, 
    {
      "md5": "3d912cdc63182edc4172b42e13e39fbc", 
      "name": "biaoti9.png", 
      "path": "luxurycar/res/game_res/"
    }, 
    {
      "md5": "3cbb59732eb9a8666f96e837dbc0600f", 
      "name": "Chat.csb", 
      "path": "luxurycar/res/game_res/"
    }, 
    {
      "md5": "bd5d495fe30198aa83e7378b3f5f03e4", 
      "name": "dikuang1.png", 
      "path": "luxurycar/res/game_res/"
    }, 
    {
      "md5": "bef188a8ca39bdb013e70f75e91b3049", 
      "name": "dikuang10.png", 
      "path": "luxurycar/res/game_res/"
    }, 
    {
      "md5": "49c0a09239a831229f53b98949c20a91", 
      "name": "dikuang11.png", 
      "path": "luxurycar/res/game_res/"
    }, 
    {
      "md5": "e5628fcb513dbf89c8dacee94c00455e", 
      "name": "dikuang12.png", 
      "path": "luxurycar/res/game_res/"
    }, 
    {
      "md5": "1661b7e5d29006a6c402bad4b4316d23", 
      "name": "dikuang13.png", 
      "path": "luxurycar/res/game_res/"
    }, 
    {
      "md5": "f5b485899ba3925b1b243924cb35df47", 
      "name": "dikuang14.png", 
      "path": "luxurycar/res/game_res/"
    }, 
    {
      "md5": "1c549ddf4d19178197518e551271a38e", 
      "name": "dikuang15.png", 
      "path": "luxurycar/res/game_res/"
    }, 
    {
      "md5": "f13cbad85e7aafde280ab08b47244d10", 
      "name": "dikuang16.png", 
      "path": "luxurycar/res/game_res/"
    }, 
    {
      "md5": "86224a000fec430faf799ef448054dea", 
      "name": "dikuang17.png", 
      "path": "luxurycar/res/game_res/"
    }, 
    {
      "md5": "2343a95a457d2a09cdf1ee60b0af01d4", 
      "name": "dikuang18.png", 
      "path": "luxurycar/res/game_res/"
    }, 
    {
      "md5": "ba943c16e76262d57ac73eff141e979f", 
      "name": "dikuang19.png", 
      "path": "luxurycar/res/game_res/"
    }, 
    {
      "md5": "d546d5e006c7c72ae61419af8ed24923", 
      "name": "dikuang2.png", 
      "path": "luxurycar/res/game_res/"
    }, 
    {
      "md5": "fba21d3b05cac44395d2625ec33adeef", 
      "name": "dikuang20.png", 
      "path": "luxurycar/res/game_res/"
    }, 
    {
      "md5": "57d06ec94c3ad39d14346f00e274dd26", 
      "name": "dikuang21.png", 
      "path": "luxurycar/res/game_res/"
    }, 
    {
      "md5": "ddfc5b4a0248d0c1cd898ff6f2dfe557", 
      "name": "dikuang22.png", 
      "path": "luxurycar/res/game_res/"
    }, 
    {
      "md5": "eecac1c08d5080e4feaba40f15931b9a", 
      "name": "dikuang23.png", 
      "path": "luxurycar/res/game_res/"
    }, 
    {
      "md5": "f6276eb37cc05b8ce9d2a8eb3c510850", 
      "name": "dikuang24.png", 
      "path": "luxurycar/res/game_res/"
    }, 
    {
      "md5": "1f40bae9afd6d318d9e2615ef5afd08b", 
      "name": "dikuang25.png", 
      "path": "luxurycar/res/game_res/"
    }, 
    {
      "md5": "616719ca59aa50d869549c39b0675e7b", 
      "name": "dikuang26.png", 
      "path": "luxurycar/res/game_res/"
    }, 
    {
      "md5": "6f76ed5c5ea76a8e792d03ee2f554f76", 
      "name": "dikuang27.png", 
      "path": "luxurycar/res/game_res/"
    }, 
    {
      "md5": "ee6b2570c3634036abe927e46938e30a", 
      "name": "dikuang28.png", 
      "path": "luxurycar/res/game_res/"
    }, 
    {
      "md5": "a26e483d910a5efaccc9dbd3d5c5c044", 
      "name": "dikuang29.png", 
      "path": "luxurycar/res/game_res/"
    }, 
    {
      "md5": "899e55a79ce64d3310e484146b08549f", 
      "name": "dikuang3.png", 
      "path": "luxurycar/res/game_res/"
    }, 
    {
      "md5": "d524ac8592877fd67a74c0e6fa588aff", 
      "name": "dikuang30.png", 
      "path": "luxurycar/res/game_res/"
    }, 
    {
      "md5": "81096943b01966819e52de180e5f1008", 
      "name": "dikuang31.png", 
      "path": "luxurycar/res/game_res/"
    }, 
    {
      "md5": "39c7a705f627db04f91e3c78a1c78725", 
      "name": "dikuang32.png", 
      "path": "luxurycar/res/game_res/"
    }, 
    {
      "md5": "39388a27894e108bf26ce71784d1bcf9", 
      "name": "dikuang33.png", 
      "path": "luxurycar/res/game_res/"
    }, 
    {
      "md5": "65fc8e194a39d586f402129ddfe01d56", 
      "name": "dikuang4.png", 
      "path": "luxurycar/res/game_res/"
    }, 
    {
      "md5": "951db44d8b8e7537580da3a2ba3a810a", 
      "name": "dikuang5.png", 
      "path": "luxurycar/res/game_res/"
    }, 
    {
      "md5": "15e8b0f3d9911a71d19471d44165fa2e", 
      "name": "dikuang6.png", 
      "path": "luxurycar/res/game_res/"
    }, 
    {
      "md5": "aca6ea8541962abdbd50414d1aa3830d", 
      "name": "dikuang7.png", 
      "path": "luxurycar/res/game_res/"
    }, 
    {
      "md5": "bdbaaea6aa86cd73bcfa2dbc9e560b93", 
      "name": "dikuang8.png", 
      "path": "luxurycar/res/game_res/"
    }, 
    {
      "md5": "ff55f532c557786339ae0a01087d9cb2", 
      "name": "dikuang9.png", 
      "path": "luxurycar/res/game_res/"
    }, 
    {
      "md5": "ce39ceb4f6ba5466e160dd09eaf715bb", 
      "name": "Game.csb", 
      "path": "luxurycar/res/game_res/"
    }, 
    {
      "md5": "51bffdd3d9011a40c0782121503fe373", 
      "name": "record_0.png", 
      "path": "luxurycar/res/game_res/"
    }, 
    {
      "md5": "f96cf28f05f3c600ffe334ecc6d052b4", 
      "name": "record_1.png", 
      "path": "luxurycar/res/game_res/"
    }, 
    {
      "md5": "2e0a74bf33afc52a81e7da4278a7f5e9", 
      "name": "record_2.png", 
      "path": "luxurycar/res/game_res/"
    }, 
    {
      "md5": "ea918cc6a84174c434a319cc3c1ad43f", 
      "name": "record_3.png", 
      "path": "luxurycar/res/game_res/"
    }, 
    {
      "md5": "647980ca73e8d2a1900ecdad51c295a3", 
      "name": "record_4.png", 
      "path": "luxurycar/res/game_res/"
    }, 
    {
      "md5": "0e67db2c4638900bf5394c68628d2ddb", 
      "name": "record_5.png", 
      "path": "luxurycar/res/game_res/"
    }, 
    {
      "md5": "f2ca65539bb0cae2dc3d45ceb5d4f60c", 
      "name": "record_6.png", 
      "path": "luxurycar/res/game_res/"
    }, 
    {
      "md5": "cfb6393ebfe3db02ef90f1b7a20926c3", 
      "name": "record_7.png", 
      "path": "luxurycar/res/game_res/"
    }, 
    {
      "md5": "944db35a29013d4847dbe573bf6d544c", 
      "name": "shuzi1.png", 
      "path": "luxurycar/res/game_res/"
    }, 
    {
      "md5": "da84feb4473a2aae44057889c9033e1c", 
      "name": "shuzi2.png", 
      "path": "luxurycar/res/game_res/"
    }, 
    {
      "md5": "0ddb44359c01b5845e43c84a71553440", 
      "name": "shuzi3.png", 
      "path": "luxurycar/res/game_res/"
    }, 
    {
      "md5": "29dd1ef5b777a968d007826626d40fa0", 
      "name": "shuzi4.png", 
      "path": "luxurycar/res/game_res/"
    }, 
    {
      "md5": "98a7e2b5dce4ab8a9fe1a062b604ed0e", 
      "name": "shuzi5.png", 
      "path": "luxurycar/res/game_res/"
    }, 
    {
      "md5": "eae804fad51f5793a547e15ab341875e", 
      "name": "shuzi6.png", 
      "path": "luxurycar/res/game_res/"
    }, 
    {
      "md5": "ebe2dc32db09d56c0369cb967ff1d91c", 
      "name": "shuzi7.png", 
      "path": "luxurycar/res/game_res/"
    }, 
    {
      "md5": "7edac4ad3f9ba008237000281010f260", 
      "name": "tubiao1.png", 
      "path": "luxurycar/res/game_res/"
    }, 
    {
      "md5": "f2d15a1a90743db1d4c478e5b40f871d", 
      "name": "tubiao10.png", 
      "path": "luxurycar/res/game_res/"
    }, 
    {
      "md5": "43720129eab1c2ffdf464e7e121f733b", 
      "name": "tubiao11.png", 
      "path": "luxurycar/res/game_res/"
    }, 
    {
      "md5": "c3e454c37cd17ceb20e955c1f2ac21b0", 
      "name": "tubiao11_1.png", 
      "path": "luxurycar/res/game_res/"
    }, 
    {
      "md5": "60414362cb8d23d00aa223a741116c5a", 
      "name": "tubiao12.png", 
      "path": "luxurycar/res/game_res/"
    }, 
    {
      "md5": "cc17faca1630571c16fa47da957c8688", 
      "name": "tubiao12_1.png", 
      "path": "luxurycar/res/game_res/"
    }, 
    {
      "md5": "265807dc92be1a01f0917323d3ac9e47", 
      "name": "tubiao13.png", 
      "path": "luxurycar/res/game_res/"
    }, 
    {
      "md5": "f24cd07a7a4297ae694e221f084d073c", 
      "name": "tubiao13_1.png", 
      "path": "luxurycar/res/game_res/"
    }, 
    {
      "md5": "c1b4b376d2ea79e30d83c72ef86262c4", 
      "name": "tubiao14.png", 
      "path": "luxurycar/res/game_res/"
    }, 
    {
      "md5": "3cbd4d1c0f7831e1418ffee8bb95d395", 
      "name": "tubiao14_1.png", 
      "path": "luxurycar/res/game_res/"
    }, 
    {
      "md5": "1017749caace3b7a991321ebcb7d9c4d", 
      "name": "tubiao15.png", 
      "path": "luxurycar/res/game_res/"
    }, 
    {
      "md5": "e98dc8a5ca13954fa282e48c227a1359", 
      "name": "tubiao15_1.png", 
      "path": "luxurycar/res/game_res/"
    }, 
    {
      "md5": "2f61419c8cca2a1eaffa1d6ef2f9f6bc", 
      "name": "tubiao16.png", 
      "path": "luxurycar/res/game_res/"
    }, 
    {
      "md5": "06acb3f9c87a111b295386b43f07a22b", 
      "name": "tubiao16_1.png", 
      "path": "luxurycar/res/game_res/"
    }, 
    {
      "md5": "a14d410469c5b87c74a04f047b75c426", 
      "name": "tubiao17.png", 
      "path": "luxurycar/res/game_res/"
    }, 
    {
      "md5": "4ee61025ebfc1f613bc8653a56cef90b", 
      "name": "tubiao17_1.png", 
      "path": "luxurycar/res/game_res/"
    }, 
    {
      "md5": "d4dabf0fbc6b653c396c50821cecb752", 
      "name": "tubiao18.png", 
      "path": "luxurycar/res/game_res/"
    }, 
    {
      "md5": "60e511388f783ef2e70adcbe01f0457d", 
      "name": "tubiao19.png", 
      "path": "luxurycar/res/game_res/"
    }, 
    {
      "md5": "fdf374176f5ad92e02f99a3ee5a87c8f", 
      "name": "tubiao2.png", 
      "path": "luxurycar/res/game_res/"
    }, 
    {
      "md5": "e2333abd5d5bee5f33e3d8db24d8032c", 
      "name": "tubiao20.png", 
      "path": "luxurycar/res/game_res/"
    }, 
    {
      "md5": "421c59e3dcec1db6f61fe18760f533ce", 
      "name": "tubiao21.png", 
      "path": "luxurycar/res/game_res/"
    }, 
    {
      "md5": "ee5baf9230949e52cf185437e12c33db", 
      "name": "tubiao22.png", 
      "path": "luxurycar/res/game_res/"
    }, 
    {
      "md5": "a87b61c543a07cad8791defd7e5722cb", 
      "name": "tubiao23.png", 
      "path": "luxurycar/res/game_res/"
    }, 
    {
      "md5": "c9def24a636fd67c47761a5d5e147d8c", 
      "name": "tubiao24.png", 
      "path": "luxurycar/res/game_res/"
    }, 
    {
      "md5": "016ce7e25f5a226aaed80e783c9c927a", 
      "name": "tubiao25.png", 
      "path": "luxurycar/res/game_res/"
    }, 
    {
      "md5": "518bcb61e40cccc17eaf062be52dc9f7", 
      "name": "tubiao26.png", 
      "path": "luxurycar/res/game_res/"
    }, 
    {
      "md5": "385319960638289fa4fa22e766272a21", 
      "name": "tubiao3.png", 
      "path": "luxurycar/res/game_res/"
    }, 
    {
      "md5": "a945b9f8da925d3045af41f00a9d2d67", 
      "name": "tubiao35.png", 
      "path": "luxurycar/res/game_res/"
    }, 
    {
      "md5": "9fcce6a66eb375da83e4141769c0a51e", 
      "name": "tubiao36.png", 
      "path": "luxurycar/res/game_res/"
    }, 
    {
      "md5": "5db2be052e098bb7afd690abf8752d6f", 
      "name": "tubiao37.png", 
      "path": "luxurycar/res/game_res/"
    }, 
    {
      "md5": "1ec00d2586fd33aab10d78d30c161397", 
      "name": "tubiao38.png", 
      "path": "luxurycar/res/game_res/"
    }, 
    {
      "md5": "b8885cd5c524c30c1d93d8e280fc1574", 
      "name": "tubiao39.png", 
      "path": "luxurycar/res/game_res/"
    }, 
    {
      "md5": "5372439dd5bf1fd1f57552a412877f25", 
      "name": "tubiao4.png", 
      "path": "luxurycar/res/game_res/"
    }, 
    {
      "md5": "dda2374ebbf768fe0c0248dddbe4c339", 
      "name": "tubiao40.png", 
      "path": "luxurycar/res/game_res/"
    }, 
    {
      "md5": "a173da45731f7178c0e6cacd9b626d5b", 
      "name": "tubiao41.png", 
      "path": "luxurycar/res/game_res/"
    }, 
    {
      "md5": "919e7bd75ae9c423f007afca29541dff", 
      "name": "tubiao42.png", 
      "path": "luxurycar/res/game_res/"
    }, 
    {
      "md5": "6388bff82dc52c4c27ebfbf28623cadb", 
      "name": "tubiao43.png", 
      "path": "luxurycar/res/game_res/"
    }, 
    {
      "md5": "e9453e7e02826965a33d9488a3bb6e63", 
      "name": "tubiao44.png", 
      "path": "luxurycar/res/game_res/"
    }, 
    {
      "md5": "a0559b1dc52b0ad4330dcede099a87c4", 
      "name": "tubiao45.png", 
      "path": "luxurycar/res/game_res/"
    }, 
    {
      "md5": "83ab5b899b1633071ea8746ea3e2cdc6", 
      "name": "tubiao46.png", 
      "path": "luxurycar/res/game_res/"
    }, 
    {
      "md5": "59954ab893121d47d9362fda94e46ff0", 
      "name": "tubiao47.png", 
      "path": "luxurycar/res/game_res/"
    }, 
    {
      "md5": "4bb7ed7bf01e0da59d4edf0da73116df", 
      "name": "tubiao48.png", 
      "path": "luxurycar/res/game_res/"
    }, 
    {
      "md5": "a63475d2141ea2ce05e81a68fcd98292", 
      "name": "tubiao49.png", 
      "path": "luxurycar/res/game_res/"
    }, 
    {
      "md5": "65bb26d906513f77b22cb0a84a672dda", 
      "name": "tubiao5.png", 
      "path": "luxurycar/res/game_res/"
    }, 
    {
      "md5": "2e323ba02fba8d7cd5efd0134cb5f265", 
      "name": "tubiao50.png", 
      "path": "luxurycar/res/game_res/"
    }, 
    {
      "md5": "7355b8212503d13c0e271e282d7e8b94", 
      "name": "tubiao51.png", 
      "path": "luxurycar/res/game_res/"
    }, 
    {
      "md5": "bab54b0e3537e279611f1b5d8f51f28b", 
      "name": "tubiao52.png", 
      "path": "luxurycar/res/game_res/"
    }, 
    {
      "md5": "3faf5d5bfa754435540bc927ea11b49a", 
      "name": "tubiao53.png", 
      "path": "luxurycar/res/game_res/"
    }, 
    {
      "md5": "0368e4ef1d77267370ea14366653a9bb", 
      "name": "tubiao54.png", 
      "path": "luxurycar/res/game_res/"
    }, 
    {
      "md5": "74aea5d758c2e9154af2139e97f0c78f", 
      "name": "tubiao55.png", 
      "path": "luxurycar/res/game_res/"
    }, 
    {
      "md5": "4beba066344d8b3e44014a9191b7a375", 
      "name": "tubiao56.png", 
      "path": "luxurycar/res/game_res/"
    }, 
    {
      "md5": "967e9923398ce0898e9596661ed2832e", 
      "name": "tubiao57.png", 
      "path": "luxurycar/res/game_res/"
    }, 
    {
      "md5": "d1b9dade36daeeafd994bb4a2c60d145", 
      "name": "tubiao58.png", 
      "path": "luxurycar/res/game_res/"
    }, 
    {
      "md5": "526bf8d66774d1d8936373b04a2b23f4", 
      "name": "tubiao59.png", 
      "path": "luxurycar/res/game_res/"
    }, 
    {
      "md5": "ec79d962161d781a0f409ad64c2c5896", 
      "name": "tubiao6.png", 
      "path": "luxurycar/res/game_res/"
    }, 
    {
      "md5": "8875ce718a025109d61b3af97365543e", 
      "name": "tubiao60.png", 
      "path": "luxurycar/res/game_res/"
    }, 
    {
      "md5": "df96c80861ef104e0b3a3a963b707671", 
      "name": "tubiao7.png", 
      "path": "luxurycar/res/game_res/"
    }, 
    {
      "md5": "444bcf48d1e48aa84c4a820d775c85e4", 
      "name": "tubiao8.png", 
      "path": "luxurycar/res/game_res/"
    }, 
    {
      "md5": "39f9aa35985fcbd3e772f330928dd572", 
      "name": "tubiao9.png", 
      "path": "luxurycar/res/game_res/"
    }, 
    {
      "md5": "87e63220b5753bf119f6ce84619906d9", 
      "name": "icon_roomlist_0.png", 
      "path": "luxurycar/res/roomlist/"
    }, 
    {
      "md5": "326665a7c50cfa3caa1b5342d0ac3693", 
      "name": "icon_roomlist_1.png", 
      "path": "luxurycar/res/roomlist/"
    }, 
    {
      "md5": "5d7e1140c6d8b20e6ae9fb4527f18818", 
      "name": "icon_roomlist_2.png", 
      "path": "luxurycar/res/roomlist/"
    }, 
    {
      "md5": "6825ae5444035787f4ba21b5f4efb88d", 
      "name": "anniu3.png", 
      "path": "luxurycar/res/set_res/"
    }, 
    {
      "md5": "9705ca1c7f3cf6f67ea15284cac810c6", 
      "name": "anniu33.png", 
      "path": "luxurycar/res/set_res/"
    }, 
    {
      "md5": "1bac55a8b45630a4675bb68caf4ac7c3", 
      "name": "anniu34.png", 
      "path": "luxurycar/res/set_res/"
    }, 
    {
      "md5": "34ee3a4e912db42583eed3180131813c", 
      "name": "anniu4.png", 
      "path": "luxurycar/res/set_res/"
    }, 
    {
      "md5": "58c0378094a8caef3c1b3a37b94e70dc", 
      "name": "anniu5.png", 
      "path": "luxurycar/res/set_res/"
    }, 
    {
      "md5": "bcc5402e17e04677f5221e880e63c1cf", 
      "name": "anniu6.png", 
      "path": "luxurycar/res/set_res/"
    }, 
    {
      "md5": "934d83c305b052bfe0b3e0dafb2b1436", 
      "name": "biaoti1.png", 
      "path": "luxurycar/res/set_res/"
    }, 
    {
      "md5": "04aad74753109d2c22250050d6c4ece5", 
      "name": "biaoti2.png", 
      "path": "luxurycar/res/set_res/"
    }, 
    {
      "md5": "b1d4e08c1d1320587238175a96d41fe2", 
      "name": "biaoti3.png", 
      "path": "luxurycar/res/set_res/"
    }, 
    {
      "md5": "348431e3468002ce699ce16b1053f80a", 
      "name": "biaoti4.png", 
      "path": "luxurycar/res/set_res/"
    }, 
    {
      "md5": "f6276eb37cc05b8ce9d2a8eb3c510850", 
      "name": "dikuang24.png", 
      "path": "luxurycar/res/set_res/"
    }, 
    {
      "md5": "0669b4b328e0f398c59e880d8e97b07a", 
      "name": "Set.csb", 
      "path": "luxurycar/res/set_res/"
    }, 
    {
      "md5": "870b73773235c44364eb09dc874ce01c", 
      "name": "ADD_GOLD.ogg", 
      "path": "luxurycar/res/sound_res/"
    }, 
    {
      "md5": "70e233a092301154b6c9949e6b561631", 
      "name": "BACK_GROUND_DRAW.ogg", 
      "path": "luxurycar/res/sound_res/"
    }, 
    {
      "md5": "51a66c82c368d93e162d324baea7f8d5", 
      "name": "BACK_GROUND_FREE.ogg", 
      "path": "luxurycar/res/sound_res/"
    }, 
    {
      "md5": "1a7dbe6d1df04f611b0473f00d3cfddf", 
      "name": "PLEASE_ADD_GOLD.ogg", 
      "path": "luxurycar/res/sound_res/"
    }, 
    {
      "md5": "493684694d9c4e8465b0f6f7d91332f6", 
      "name": "CMD_Game.luac", 
      "path": "luxurycar/src/models/"
    }, 
    {
      "md5": "5838fb8e33111f8d1a25e6b5493dc7c8", 
      "name": "GameFrame.luac", 
      "path": "luxurycar/src/models/"
    }, 
    {
      "md5": "da670a097546a99d4073aec4caa77c60", 
      "name": "GameLayer.luac", 
      "path": "luxurycar/src/views/"
    }, 
    {
      "md5": "31f56f19338b485cd2bda7df3485ba40", 
      "name": "GameRoomListLayer.luac", 
      "path": "luxurycar/src/views/"
    }, 
    {
      "md5": "5fbe921b860ebd204e4b2160faea666f", 
      "name": "BankerList.luac", 
      "path": "luxurycar/src/views/layer/"
    }, 
    {
      "md5": "b397bb8b33eef50efea66d105897072c", 
      "name": "Chat.luac", 
      "path": "luxurycar/src/views/layer/"
    }, 
    {
      "md5": "1dfa58ebb5be7c7c0b5f8a1db254bfeb", 
      "name": "GameViewLayer.luac", 
      "path": "luxurycar/src/views/layer/"
    }, 
    {
      "md5": "f6b5f5cae966a73c93e783217f91c7c8", 
      "name": "SettingLayer.luac", 
      "path": "luxurycar/src/views/layer/"
    }, 
    {
      "md5": "4f932b0b910749635cc0fcc2cccf212c", 
      "name": "UserList.luac", 
      "path": "luxurycar/src/views/layer/"
    }, 
    {
      "allcount": 220
    }
  ]
}