{
  "listdata": [
    {
      "md5": "cc434319d741a4f7bacbf8e9fe813a5f", 
      "name": "allbetnum.png", 
      "path": "animalbattle/res/"
    }, 
    {
      "md5": "4f9dbb96b89ca0e6d46fc0e434eaf2de", 
      "name": "aniatlas1.png", 
      "path": "animalbattle/res/"
    }, 
    {
      "md5": "4a1542205ba7fa364f4ca33bf88f1aef", 
      "name": "aniatlas2.png", 
      "path": "animalbattle/res/"
    }, 
    {
      "md5": "336c499918e7b2c0e0d118755cdefbdf", 
      "name": "asset.png", 
      "path": "animalbattle/res/"
    }, 
    {
      "md5": "3ebb4bbde66489fcd4150d901b50b2bb", 
      "name": "atlas_vipnumber.png", 
      "path": "animalbattle/res/"
    }, 
    {
      "md5": "2b35d7e5fa0ad9b1dffc59fbe0246b6e", 
      "name": "background.png", 
      "path": "animalbattle/res/"
    }, 
    {
      "md5": "ebc144c82216373d10c5cd505913b5c1", 
      "name": "bankbg.png", 
      "path": "animalbattle/res/"
    }, 
    {
      "md5": "0f410d0d26e788e201e1f88350fb28ed", 
      "name": "bankbtn.png", 
      "path": "animalbattle/res/"
    }, 
    {
      "md5": "2560c23ae862e3dec126137b798cda19", 
      "name": "bankbtndown.png", 
      "path": "animalbattle/res/"
    }, 
    {
      "md5": "8a7872f00a54fb0fa5193470d5384557", 
      "name": "bankdigits.png", 
      "path": "animalbattle/res/"
    }, 
    {
      "md5": "21b28c5b6b5d54e6f0999363aa977214", 
      "name": "bankheader.png", 
      "path": "animalbattle/res/"
    }, 
    {
      "md5": "87064fe9da45c2c21765f3635ae54a54", 
      "name": "BankLayer.csb", 
      "path": "animalbattle/res/"
    }, 
    {
      "md5": "07b0cca2c86613aae93914710feb1490", 
      "name": "bankpassword.png", 
      "path": "animalbattle/res/"
    }, 
    {
      "md5": "afdd3b9c1dc2694776011c9aa0f48e00", 
      "name": "bankshadow.png", 
      "path": "animalbattle/res/"
    }, 
    {
      "md5": "db2dd03ae01eacf04d52a14b0ad86e48", 
      "name": "brightcircle.png", 
      "path": "animalbattle/res/"
    }, 
    {
      "md5": "e964cb3da761e9633a6719efa8966d54", 
      "name": "BTN-100-1.png", 
      "path": "animalbattle/res/"
    }, 
    {
      "md5": "90b367c3af6cc82ce3ba30c7b40c96d1", 
      "name": "BTN-100-2.png", 
      "path": "animalbattle/res/"
    }, 
    {
      "md5": "dab168c3d90a32444a90a589cf1e662c", 
      "name": "BTN-100-3.png", 
      "path": "animalbattle/res/"
    }, 
    {
      "md5": "6bb48465aae17c63d882c20e2f994320", 
      "name": "BTN-1000-1.png", 
      "path": "animalbattle/res/"
    }, 
    {
      "md5": "6ead5e2a589dcfa18b6d3d2ac520b5da", 
      "name": "BTN-1000-2.png", 
      "path": "animalbattle/res/"
    }, 
    {
      "md5": "f5233bdb001043cf22f05510f5c61513", 
      "name": "BTN-1000-3.png", 
      "path": "animalbattle/res/"
    }, 
    {
      "md5": "8ef983855325e82dd107be0c527ebb8a", 
      "name": "BTN-10000-1.png", 
      "path": "animalbattle/res/"
    }, 
    {
      "md5": "b19b55edcd347d5cadbd14b420b43194", 
      "name": "BTN-10000-2.png", 
      "path": "animalbattle/res/"
    }, 
    {
      "md5": "873e33f2062925c3fe2b5d14cc0b11b6", 
      "name": "BTN-10000-3.png", 
      "path": "animalbattle/res/"
    }, 
    {
      "md5": "2f83083de8a7eeecc7677a7c4645ec57", 
      "name": "BTN-100wan-1.png", 
      "path": "animalbattle/res/"
    }, 
    {
      "md5": "d1ab40295a1b8d515a6ffb0564f6abc6", 
      "name": "BTN-100wan-2.png", 
      "path": "animalbattle/res/"
    }, 
    {
      "md5": "8220a6a1ce42693f65a7736c276db88b", 
      "name": "BTN-100wan-3.png", 
      "path": "animalbattle/res/"
    }, 
    {
      "md5": "d2fdbd0effb419aee4879a6f6a98fc61", 
      "name": "BTN-10wan-1.png", 
      "path": "animalbattle/res/"
    }, 
    {
      "md5": "6a16d29518d5f67e37f7108c7e2a5769", 
      "name": "BTN-10wan-2.png", 
      "path": "animalbattle/res/"
    }, 
    {
      "md5": "458f029689bd1aa93c23d03908139d63", 
      "name": "BTN-10wan-3.png", 
      "path": "animalbattle/res/"
    }, 
    {
      "md5": "097fb0aba440a433fc56549e069760b0", 
      "name": "BTN-guanbi-1.png", 
      "path": "animalbattle/res/"
    }, 
    {
      "md5": "91bb32d9f00f1b4edfdc8df36e8d03cd", 
      "name": "BTN-guanbi-2.png", 
      "path": "animalbattle/res/"
    }, 
    {
      "md5": "98e6d0d45d0cbdb8e4f8ad508dece149", 
      "name": "BTN-qingkong1.png", 
      "path": "animalbattle/res/"
    }, 
    {
      "md5": "fc7c4f8ac0242f5b762e25afd08c4fe1", 
      "name": "BTN-qingkong2.png", 
      "path": "animalbattle/res/"
    }, 
    {
      "md5": "2263886a73d673b7d6578a966f00fcf4", 
      "name": "BTN-quchu-1.png", 
      "path": "animalbattle/res/"
    }, 
    {
      "md5": "5d1fd219345dc9a301e6c2e05f2b4420", 
      "name": "BTN-quchu-2.png", 
      "path": "animalbattle/res/"
    }, 
    {
      "md5": "a030846a015c4607bbf8b0a5e33ae941", 
      "name": "BTN-shezhi1.png", 
      "path": "animalbattle/res/"
    }, 
    {
      "md5": "5d738ee3343ce30d98cdfa471899155a", 
      "name": "BTN-shezhi2.png", 
      "path": "animalbattle/res/"
    }, 
    {
      "md5": "2825682915442242eff1a977569fad37", 
      "name": "BTN-tuichu1.png", 
      "path": "animalbattle/res/"
    }, 
    {
      "md5": "26ca226cacc6f9099532ea32bde336db", 
      "name": "BTN-tuichu2.png", 
      "path": "animalbattle/res/"
    }, 
    {
      "md5": "334f60df60c0af76571e05aab06f2567", 
      "name": "BTN-xutou1.png", 
      "path": "animalbattle/res/"
    }, 
    {
      "md5": "b57a7300baddc583f293418f780587ab", 
      "name": "BTN-xutou2.png", 
      "path": "animalbattle/res/"
    }, 
    {
      "md5": "916134300c9ac18538a4f01cc1f57e71", 
      "name": "coindigits.png", 
      "path": "animalbattle/res/"
    }, 
    {
      "md5": "5b9d9640fdb50bb1d9aa27d5738836bc", 
      "name": "cointext.png", 
      "path": "animalbattle/res/"
    }, 
    {
      "md5": "6b3acfa28bf03412eb41acc00546d19e", 
      "name": "countnum.png", 
      "path": "animalbattle/res/"
    }, 
    {
      "md5": "e409e2b6359d26aafb8a4ccde65ea71d", 
      "name": "daojishi-dikuang.png", 
      "path": "animalbattle/res/"
    }, 
    {
      "md5": "3bcc2bf79ee21f6e17d600cd625f2686", 
      "name": "di.png", 
      "path": "animalbattle/res/"
    }, 
    {
      "md5": "16e34aedae2fa262e11e09f6a048dc2b", 
      "name": "eagle.png", 
      "path": "animalbattle/res/"
    }, 
    {
      "md5": "c0c18d9e9311a4d9a84015729a3a5a4e", 
      "name": "eagle2.png", 
      "path": "animalbattle/res/"
    }, 
    {
      "md5": "e0a92da22feba4ae081ba22ed6530c62", 
      "name": "effectoff.png", 
      "path": "animalbattle/res/"
    }, 
    {
      "md5": "d5e77b510db65c98c807ed58ea86d8e1", 
      "name": "effecton.png", 
      "path": "animalbattle/res/"
    }, 
    {
      "md5": "a561cc90128c0080b5f61732c9af4427", 
      "name": "feiqing.png", 
      "path": "animalbattle/res/"
    }, 
    {
      "md5": "ff3a964322214531a4341accb5363582", 
      "name": "feiqing2.png", 
      "path": "animalbattle/res/"
    }, 
    {
      "md5": "db4f7c2da4d3a0075fb9d6d855d4d414", 
      "name": "filemd5List.json", 
      "path": "animalbattle/res/"
    }, 
    {
      "md5": "7145cb5f136b51f13b644a8efe3975d6", 
      "name": "Flower.plist", 
      "path": "animalbattle/res/"
    }, 
    {
      "md5": "0b90d85435f5576b9cbb2165310fdb0a", 
      "name": "Flower1.plist", 
      "path": "animalbattle/res/"
    }, 
    {
      "md5": "707ba26f2262e2f73f2547da20b35a33", 
      "name": "headbg1.png", 
      "path": "animalbattle/res/"
    }, 
    {
      "md5": "73e8aff25c25f031773f7b37ffac48f4", 
      "name": "headbg2.png", 
      "path": "animalbattle/res/"
    }, 
    {
      "md5": "c6cf7f0ecd5c7ec73156f29fcb3ab206", 
      "name": "headertext.png", 
      "path": "animalbattle/res/"
    }, 
    {
      "md5": "6c2370f8bcaa3a823ab6759a54fd4c2b", 
      "name": "introbtn.png", 
      "path": "animalbattle/res/"
    }, 
    {
      "md5": "26be7af0754028630b7839d0f0cff468", 
      "name": "introbtndown.png", 
      "path": "animalbattle/res/"
    }, 
    {
      "md5": "df8f982a70be4267de785ba45097dbb7", 
      "name": "jinbi.png", 
      "path": "animalbattle/res/"
    }, 
    {
      "md5": "7a23c251202de7f221803cdf96bb468c", 
      "name": "js10.png", 
      "path": "animalbattle/res/"
    }, 
    {
      "md5": "f4e4bd55511132a90437e7e26b0b7471", 
      "name": "js11.png", 
      "path": "animalbattle/res/"
    }, 
    {
      "md5": "c31f10f9880045b108254b51ad7e748f", 
      "name": "js8.png", 
      "path": "animalbattle/res/"
    }, 
    {
      "md5": "992aab28cda570de0280d2e37afd57d6", 
      "name": "js9.png", 
      "path": "animalbattle/res/"
    }, 
    {
      "md5": "7e65be4f16804ca46f9b7ee0ff875952", 
      "name": "jsaniatlas.png", 
      "path": "animalbattle/res/"
    }, 
    {
      "md5": "5481f9c3187bee952368b91d5b19fa48", 
      "name": "jslight.png", 
      "path": "animalbattle/res/"
    }, 
    {
      "md5": "d903e6ed7d9455ef3373834b788d92fc", 
      "name": "jsnum0.png", 
      "path": "animalbattle/res/"
    }, 
    {
      "md5": "4031d9fae07da6ce240c85d5a3fecee6", 
      "name": "jsnum1.png", 
      "path": "animalbattle/res/"
    }, 
    {
      "md5": "85a619f71f1eac3426498ec39d10c3b5", 
      "name": "jsnum2.png", 
      "path": "animalbattle/res/"
    }, 
    {
      "md5": "569e59a41074da416fe2cd8a9b5e2a8e", 
      "name": "jsnum3.png", 
      "path": "animalbattle/res/"
    }, 
    {
      "md5": "77ead8e005de86db56674a286c4cf544", 
      "name": "jsnum4.png", 
      "path": "animalbattle/res/"
    }, 
    {
      "md5": "e08e5e1c05176bae61c078a2b6dcc45e", 
      "name": "jsnum5.png", 
      "path": "animalbattle/res/"
    }, 
    {
      "md5": "d980a90b50061c5038cc9c10cbf70af9", 
      "name": "jsnum6.png", 
      "path": "animalbattle/res/"
    }, 
    {
      "md5": "745bcbd1da95514bfcd1f10880bec91a", 
      "name": "jsnum7.png", 
      "path": "animalbattle/res/"
    }, 
    {
      "md5": "8a86f10e0df0e528bb301cf63611ed51", 
      "name": "jssharkdigits.png", 
      "path": "animalbattle/res/"
    }, 
    {
      "md5": "5f35d5b4cfcabf00ddd82e638519172e", 
      "name": "jssharklight.png", 
      "path": "animalbattle/res/"
    }, 
    {
      "md5": "992aab28cda570de0280d2e37afd57d6", 
      "name": "jstongpei.png", 
      "path": "animalbattle/res/"
    }, 
    {
      "md5": "46aef787bad9fa8131ea7bf9d68ddfed", 
      "name": "kaijiangshijian.png", 
      "path": "animalbattle/res/"
    }, 
    {
      "md5": "7da43fd3d2511d4b5da76dbb370947ac", 
      "name": "line.png", 
      "path": "animalbattle/res/"
    }, 
    {
      "md5": "5d4a0b1f81963df3adfe0df193b15ba6", 
      "name": "lion.png", 
      "path": "animalbattle/res/"
    }, 
    {
      "md5": "45d58b25d4239b03be3c41231f28993f", 
      "name": "lion2.png", 
      "path": "animalbattle/res/"
    }, 
    {
      "md5": "7fadecf412a265476c0e84d35c9aaec6", 
      "name": "MainScene.csb", 
      "path": "animalbattle/res/"
    }, 
    {
      "md5": "7cbc39e21232b68f5f426997f83c8b43", 
      "name": "mebetnum.png", 
      "path": "animalbattle/res/"
    }, 
    {
      "md5": "2820fd273a8e09b2ed8583b16832eb1d", 
      "name": "monkey.png", 
      "path": "animalbattle/res/"
    }, 
    {
      "md5": "4445f4e962a4029f301c110a0f59bc13", 
      "name": "monkey2.png", 
      "path": "animalbattle/res/"
    }, 
    {
      "md5": "ddba588bfbb1dfe70576018c7828fff8", 
      "name": "musicoff.png", 
      "path": "animalbattle/res/"
    }, 
    {
      "md5": "96d3d71a01cf77cd452b2e154d0c053d", 
      "name": "musicon.png", 
      "path": "animalbattle/res/"
    }, 
    {
      "md5": "1ef86df2ca217b4da13f0b38aa19a3d6", 
      "name": "panda.png", 
      "path": "animalbattle/res/"
    }, 
    {
      "md5": "7895e312212a63043b36c73324f8aa70", 
      "name": "panda2.png", 
      "path": "animalbattle/res/"
    }, 
    {
      "md5": "ec26c743836df1ffb0d99296b350a3ba", 
      "name": "particle_texture.png", 
      "path": "animalbattle/res/"
    }, 
    {
      "md5": "96fa92b976f2cede61d2ceed2c6acbaa", 
      "name": "peacock.png", 
      "path": "animalbattle/res/"
    }, 
    {
      "md5": "88b066b3df41652ffc787b4b4739e038", 
      "name": "peacock2.png", 
      "path": "animalbattle/res/"
    }, 
    {
      "md5": "1027c96a138016a1527417fdbc0fd2de", 
      "name": "pigeon.png", 
      "path": "animalbattle/res/"
    }, 
    {
      "md5": "439bf5c952fdef028be1d0508fda0fc4", 
      "name": "pigeon2.png", 
      "path": "animalbattle/res/"
    }, 
    {
      "md5": "8b98c389b0927cc9923ba684450bba8a", 
      "name": "playerbtn.png", 
      "path": "animalbattle/res/"
    }, 
    {
      "md5": "82fa45360d191c3da7bc129233f7fdcc", 
      "name": "playerbtndown.png", 
      "path": "animalbattle/res/"
    }, 
    {
      "md5": "148320e5eb494364b6156ff9d8693a40", 
      "name": "PlayerlistLayer.csb", 
      "path": "animalbattle/res/"
    }, 
    {
      "md5": "2985cf1cc7d1d97afc70ab83ed8c24de", 
      "name": "rabbit.png", 
      "path": "animalbattle/res/"
    }, 
    {
      "md5": "b463c484500aa7d373c544e94887e976", 
      "name": "rabbit2.png", 
      "path": "animalbattle/res/"
    }, 
    {
      "md5": "db45a884921acb240c8672735270b966", 
      "name": "recordbg.png", 
      "path": "animalbattle/res/"
    }, 
    {
      "md5": "c7b3a27cdeddc58f498f3073f824ed75", 
      "name": "score.png", 
      "path": "animalbattle/res/"
    }, 
    {
      "md5": "4553aceb0581f48d9d52bd69e2bb0665", 
      "name": "scoreboard.png", 
      "path": "animalbattle/res/"
    }, 
    {
      "md5": "1f4378fe49f64adb1ea63866226c645f", 
      "name": "setbtn.png", 
      "path": "animalbattle/res/"
    }, 
    {
      "md5": "3cff6d90fc261b190f348b80ccaa8bfc", 
      "name": "setbtndown.png", 
      "path": "animalbattle/res/"
    }, 
    {
      "md5": "0dd6cdfe41bbc1c8d1943a8c2944af78", 
      "name": "settingbg.png", 
      "path": "animalbattle/res/"
    }, 
    {
      "md5": "61f27794b7e6d8eb0df6ff9bb7262cbd", 
      "name": "SettingLayer.csb", 
      "path": "animalbattle/res/"
    }, 
    {
      "md5": "d61df49f7ef2424b836fca63f10d656e", 
      "name": "shark.png", 
      "path": "animalbattle/res/"
    }, 
    {
      "md5": "edf1d4ae7607756d91fe42ba727d0d1e", 
      "name": "shark2.png", 
      "path": "animalbattle/res/"
    }, 
    {
      "md5": "a523227488f5d59c240b7d222f0de38d", 
      "name": "storage.png", 
      "path": "animalbattle/res/"
    }, 
    {
      "md5": "c59de9b61959445a8d8ff758d4d01460", 
      "name": "storagebg.png", 
      "path": "animalbattle/res/"
    }, 
    {
      "md5": "d6cd9327daad43a440c4b626c0056096", 
      "name": "swallow.png", 
      "path": "animalbattle/res/"
    }, 
    {
      "md5": "2250eead8e4544e907e6a1f0713f597f", 
      "name": "swallow2.png", 
      "path": "animalbattle/res/"
    }, 
    {
      "md5": "a4441241fd0da7354b04cd4e9bc73b3c", 
      "name": "totalscore.png", 
      "path": "animalbattle/res/"
    }, 
    {
      "md5": "5ff46c03ee54706e48a3da8d88d02af7", 
      "name": "WinFrame1.png", 
      "path": "animalbattle/res/"
    }, 
    {
      "md5": "fc3cc9c85f252cbc4a31cad6f4fb91f7", 
      "name": "WinFrame2.png", 
      "path": "animalbattle/res/"
    }, 
    {
      "md5": "d41f50ac44134cf20020d2b9308c88f8", 
      "name": "WinFrame3.png", 
      "path": "animalbattle/res/"
    }, 
    {
      "md5": "801b67f9231f58e536fc9646b8bcc3fe", 
      "name": "withdrawnum.png", 
      "path": "animalbattle/res/"
    }, 
    {
      "md5": "878af507298d1d82c044f91f10f09c60", 
      "name": "xiazhushijian.png", 
      "path": "animalbattle/res/"
    }, 
    {
      "md5": "2410ca9ddabd9179449e85b02dafa189", 
      "name": "xiuxianshijian.png", 
      "path": "animalbattle/res/"
    }, 
    {
      "md5": "d06a37ac8ff22dd30f95872f0e10fda1", 
      "name": "zhuanpan_tempdel.png", 
      "path": "animalbattle/res/"
    }, 
    {
      "md5": "088b7b2d4494c0a181c9fb8fec8daa85", 
      "name": "zoushou.png", 
      "path": "animalbattle/res/"
    }, 
    {
      "md5": "94561d8df340bd5c838ba36c84a65eff", 
      "name": "zoushou2.png", 
      "path": "animalbattle/res/"
    }, 
    {
      "md5": "55ab50c7e99317a063ff141441012296", 
      "name": "icon_roomlist_0.png", 
      "path": "animalbattle/res/roomlist/"
    }, 
    {
      "md5": "0e2f1d1f7b5e7c696e2c1f30a6cbf795", 
      "name": "icon_roomlist_1.png", 
      "path": "animalbattle/res/roomlist/"
    }, 
    {
      "md5": "8ee4eff25f680cbdc91287bb2b35b81d", 
      "name": "icon_roomlist_2.png", 
      "path": "animalbattle/res/roomlist/"
    }, 
    {
      "md5": "92ac55a0c978ccd0f2c70f8a8b32c21b", 
      "name": "ADD_GOLD.ogg", 
      "path": "animalbattle/res/sound_res/"
    }, 
    {
      "md5": "7b9a592e78878b45d7dc292d3bc1c321", 
      "name": "ADD_GOLD.wav", 
      "path": "animalbattle/res/sound_res/"
    }, 
    {
      "md5": "86e29b97e1d68f68c14a98733d15064b", 
      "name": "ADD_GOLD_EX.ogg", 
      "path": "animalbattle/res/sound_res/"
    }, 
    {
      "md5": "0517246ed965f7dfcab4d0e150e9765f", 
      "name": "ADD_GOLD_EX.wav", 
      "path": "animalbattle/res/sound_res/"
    }, 
    {
      "md5": "5ed01ef73fd2c4f3d142efbb9ccf6fd0", 
      "name": "ANIMAL_SOUND_0.ogg", 
      "path": "animalbattle/res/sound_res/"
    }, 
    {
      "md5": "cc60451551d05f7e2a14cce68ae63354", 
      "name": "ANIMAL_SOUND_1.ogg", 
      "path": "animalbattle/res/sound_res/"
    }, 
    {
      "md5": "2c78efd37f9c274b53664e5c0723996a", 
      "name": "ANIMAL_SOUND_10.ogg", 
      "path": "animalbattle/res/sound_res/"
    }, 
    {
      "md5": "5429f089376dbec01da22548c8dd1112", 
      "name": "ANIMAL_SOUND_11.ogg", 
      "path": "animalbattle/res/sound_res/"
    }, 
    {
      "md5": "9e35ac9e2735fd770906a207860f0dd8", 
      "name": "ANIMAL_SOUND_2.ogg", 
      "path": "animalbattle/res/sound_res/"
    }, 
    {
      "md5": "0f211cc507ed309befe27bb60b7b9cc7", 
      "name": "ANIMAL_SOUND_3.ogg", 
      "path": "animalbattle/res/sound_res/"
    }, 
    {
      "md5": "ae0bd8ff25745f7da0e33c506441cf2c", 
      "name": "ANIMAL_SOUND_4.ogg", 
      "path": "animalbattle/res/sound_res/"
    }, 
    {
      "md5": "e4188b259197d413ee90c29a19297de8", 
      "name": "ANIMAL_SOUND_5.ogg", 
      "path": "animalbattle/res/sound_res/"
    }, 
    {
      "md5": "8b8cc21cc637f0a0b23ee1805145e839", 
      "name": "ANIMAL_SOUND_6.ogg", 
      "path": "animalbattle/res/sound_res/"
    }, 
    {
      "md5": "24d6b0c92394a4084af2278440c30223", 
      "name": "ANIMAL_SOUND_7.ogg", 
      "path": "animalbattle/res/sound_res/"
    }, 
    {
      "md5": "d8ff2695644d42e1a6ec423f09e3387b", 
      "name": "ANIMAL_SOUND_9.ogg", 
      "path": "animalbattle/res/sound_res/"
    }, 
    {
      "md5": "95881fbeb57495ba4853312c3656de74", 
      "name": "CHEER1.ogg", 
      "path": "animalbattle/res/sound_res/"
    }, 
    {
      "md5": "7bf1d42959679f8a7b40af78a20f340f", 
      "name": "CHEER1.wav", 
      "path": "animalbattle/res/sound_res/"
    }, 
    {
      "md5": "e80fd5973f3eb89cb7f683fabd7d7045", 
      "name": "CHEER2.ogg", 
      "path": "animalbattle/res/sound_res/"
    }, 
    {
      "md5": "0c9fb499bbcf32877f620b5e43e3867e", 
      "name": "CHEER2.wav", 
      "path": "animalbattle/res/sound_res/"
    }, 
    {
      "md5": "828955d4ce0744db23997eacf9d3e453", 
      "name": "CHEER3.ogg", 
      "path": "animalbattle/res/sound_res/"
    }, 
    {
      "md5": "68860421baddce5ff66d1319d6289a9f", 
      "name": "CHEER3.wav", 
      "path": "animalbattle/res/sound_res/"
    }, 
    {
      "md5": "0d0f7feef4c52af9a8bbfd660ab26a47", 
      "name": "DISPATCH_CARD.ogg", 
      "path": "animalbattle/res/sound_res/"
    }, 
    {
      "md5": "956b4eb19d114130a4bcbfa52eb8d54e", 
      "name": "DISPATCH_CARD.wav", 
      "path": "animalbattle/res/sound_res/"
    }, 
    {
      "md5": "a5a424bbfc7b6ae077181b3b79d109bc", 
      "name": "END_DRAW.ogg", 
      "path": "animalbattle/res/sound_res/"
    }, 
    {
      "md5": "17a986cb0cad18262601aeb2cad06927", 
      "name": "END_DRAW.wav", 
      "path": "animalbattle/res/sound_res/"
    }, 
    {
      "md5": "ef009585dea0882a9855504729fb93f1", 
      "name": "END_LOST.ogg", 
      "path": "animalbattle/res/sound_res/"
    }, 
    {
      "md5": "8def92de49cdf75151f138482e2293e8", 
      "name": "END_LOST.wav", 
      "path": "animalbattle/res/sound_res/"
    }, 
    {
      "md5": "195e1fb2888d30c4ebe2a2db2201108c", 
      "name": "END_WIN.ogg", 
      "path": "animalbattle/res/sound_res/"
    }, 
    {
      "md5": "0a75b76681fec910ebb76229ed4d15d2", 
      "name": "END_WIN.wav", 
      "path": "animalbattle/res/sound_res/"
    }, 
    {
      "md5": "ca206cf46e123847a3fc0dea87776184", 
      "name": "GAME_FREE.ogg", 
      "path": "animalbattle/res/sound_res/"
    }, 
    {
      "md5": "3fb8fbe46f52479ceabdad571964d7f7", 
      "name": "GAME_START.ogg", 
      "path": "animalbattle/res/sound_res/"
    }, 
    {
      "md5": "7abc63a1a5524f96c47bacf6197e59b7", 
      "name": "idc_snd_.ogg", 
      "path": "animalbattle/res/sound_res/"
    }, 
    {
      "md5": "83ec442aafce3e2349ed56e8a53bc651", 
      "name": "idc_snd_.WAV", 
      "path": "animalbattle/res/sound_res/"
    }, 
    {
      "md5": "17561781b1c61336a9f30e666f3cbd17", 
      "name": "OUT_CARD.ogg", 
      "path": "animalbattle/res/sound_res/"
    }, 
    {
      "md5": "2db44d11a0affb9da0ca385f0e73b593", 
      "name": "OUT_CARD.wav", 
      "path": "animalbattle/res/sound_res/"
    }, 
    {
      "md5": "71f2f0986adacc95e7b9a1befcf22844", 
      "name": "TIME_WARIMG.ogg", 
      "path": "animalbattle/res/sound_res/"
    }, 
    {
      "md5": "6a10c3de92f6cb50a982dd1e6dcd4d16", 
      "name": "CMD_Game.luac", 
      "path": "animalbattle/src/models/"
    }, 
    {
      "md5": "14f938c6a524bcd77c15222f849f4d47", 
      "name": "GameLayer.luac", 
      "path": "animalbattle/src/views/"
    }, 
    {
      "md5": "9d481c1dc2735c14455fc6109a2c6c43", 
      "name": "GameRoomListLayer.luac", 
      "path": "animalbattle/src/views/"
    }, 
    {
      "md5": "f8ce5e0813b850b91111d40aee3291df", 
      "name": "ZhuanPanAni.luac", 
      "path": "animalbattle/src/views/"
    }, 
    {
      "md5": "106f0605c2e78bc32ee82bf03b9667ce", 
      "name": "BankLayer.luac", 
      "path": "animalbattle/src/views/layer/"
    }, 
    {
      "md5": "416dea902979d492774f77d92fa0f05e", 
      "name": "GameRoomListLayer.luac", 
      "path": "animalbattle/src/views/layer/"
    }, 
    {
      "md5": "3a25959d0d85d00866fb5de383f925a3", 
      "name": "GameViewLayer.luac", 
      "path": "animalbattle/src/views/layer/"
    }, 
    {
      "md5": "ddbc86f8bb810638be257e51b5bc2f8c", 
      "name": "MenuLayer.luac", 
      "path": "animalbattle/src/views/layer/"
    }, 
    {
      "md5": "1906486ab4e4136b8097931529fc4c1b", 
      "name": "PlayerlistLayer.luac", 
      "path": "animalbattle/src/views/layer/"
    }, 
    {
      "md5": "b6d9098a3ffe337a53ba88a76a25d886", 
      "name": "PopupLayer.luac", 
      "path": "animalbattle/src/views/layer/"
    }, 
    {
      "md5": "4afd949ea4a31514fc4eb8251db20fa0", 
      "name": "SettingLayer.luac", 
      "path": "animalbattle/src/views/layer/"
    }, 
    {
      "allcount": 174
    }
  ]
}